trialNumber,timestamp,position,speed,direction
0,1867335.3000000007,0.239,0.0007620926591069585,1
0,1867505.4000000004,0.24,0.005878894767796537,1
0,1867513.8000000007,0.243,0.3571428571270186,1
0,1867519.7000000011,0.244,0.16949152541302717,1
0,1867526.7000000011,0.246,0.285714285714286,1
0,1867533.7000000011,0.251,0.7142857142857149,1
0,1867540.6000000015,0.254,0.43478260867217877,1
0,1867547.6000000015,0.259,0.7142857142857149,1
0,1867554.6000000015,0.264,0.7142857142857149,1
0,1867561.5,0.269,0.7246376813159129,1
0,1867568.8000000007,0.272,0.41095890406764585,1
0,1867576,0.277,0.6944444445163064,1
0,1867582.4000000004,0.282,0.7812499999545173,1
0,1867589.3000000007,0.287,0.7246376811202979,1
0,1867596.2000000011,0.289,0.2898550724481192,1
0,1867603.1000000015,0.293,0.5797101448962384,1
0,1867610.1000000015,0.297,0.571428571428572,1
0,1867616.9000000004,0.302,0.7352941177679059,1
0,1867623.9000000004,0.305,0.42857142857142894,1
0,1867631.1000000015,0.309,0.5555555554693226,1
0,1867638,0.313,0.5797101450527303,1
0,1867644.9000000004,0.317,0.5797101448962384,1
0,1867651.7000000011,0.319,0.2941176470265981,1
0,1867658.7000000011,0.323,0.571428571428572,1
0,1867665.7000000011,0.326,0.42857142857142894,1
0,1867672.6000000015,0.328,0.2898550724481192,1
0,1867679.5,0.33,0.28985507252636517,1
0,1867686.4000000004,0.331,0.1449275362240596,1
0,1867693.4000000004,0.333,0.285714285714286,1
0,1867754.4000000004,0.334,0.016393442622950834,1
0,1867776.6000000015,0.336,0.09009009008555488,1
0,1867783.6000000015,0.337,0.142857142857143,1
0,1867790.6000000015,0.339,0.285714285714286,1
0,1867797.6000000015,0.341,0.285714285714286,1
0,1867804.6000000015,0.342,0.142857142857143,1
0,1867811.5,0.346,0.5797101450527222,1
0,1867818.5,0.35,0.571428571428572,1
0,1867826.2000000011,0.356,0.7792207791076828,1
0,1867832.6000000015,0.358,0.3124999999818104,1
0,1867839.2000000011,0.367,1.3636363637133337,1
0,1867846.3000000007,0.373,0.8450704225795519,1
0,1867853.1000000015,0.383,1.4705882351329904,1
0,1867860.1000000015,0.392,1.285714285714287,1
0,1867867.3000000007,0.404,1.6666666668391352,1
0,1867874.1000000015,0.414,1.4705882351329822,1
0,1867881,0.426,1.7391304351581909,1
0,1867887.9000000004,0.437,1.5942028984646555,1
0,1867895,0.451,1.9718309860189545,1
0,1867901.8000000007,0.466,2.2058823526994855,1
0,1867908.7000000011,0.479,1.8840579709127665,1
0,1867915.7000000011,0.491,1.7142857142857157,1
0,1867922.6000000015,0.501,1.4492753622405958,1
0,1867929.6000000015,0.511,1.4285714285714297,1
0,1867936.5,0.521,1.4492753626318258,1
0,1867943.5,0.53,1.285714285714287,1
0,1867950.4000000004,0.539,1.3043478260165362,1
0,1867957.4000000004,0.547,1.142857142857144,1
0,1867964.4000000004,0.554,1.0000000000000009,1
0,1867971.2000000011,0.56,0.8823529410797942,1
0,1867978.3000000007,0.569,1.2676056338693122,1
0,1867985.2000000011,0.575,0.8695652173443575,1
0,1867992.2000000011,0.582,1.0000000000000009,1
0,1867999.1000000015,0.589,1.0144927535684172,1
0,1868006.1000000015,0.594,0.7142857142857149,1
0,1868013,0.601,1.014492753842278,1
0,1868019.8000000007,0.607,0.8823529410797942,1
0,1868026.9000000004,0.613,0.8450704225795519,1
0,1868033.7000000011,0.619,0.8823529410797942,1
0,1868040.7000000011,0.623,0.571428571428572,1
0,1868047.7000000011,0.628,0.7142857142857149,1
0,1868054.6000000015,0.633,0.7246376811202979,1
0,1868061.5,0.637,0.5797101450527303,1
0,1868068.4000000004,0.64,0.43478260867217877,1
0,1868076.1000000015,0.644,0.519480519405122,1
0,1868082.5,0.648,0.6250000001455197,1
0,1868089.7000000011,0.651,0.41666666660199186,1
0,1868096.4000000004,0.655,0.5970149254395245,1
0,1868103.2000000011,0.659,0.5882352940531962,1
0,1868110.1000000015,0.661,0.2898550724481192,1
0,1868117.1000000015,0.665,0.571428571428572,1
0,1868124,0.667,0.28985507252636517,1
0,1868131,0.671,0.571428571428572,1
0,1868137.9000000004,0.672,0.1449275362240596,1
0,1868144.9000000004,0.675,0.42857142857142894,1
0,1868151.8000000007,0.677,0.2898550724481192,1
0,1868158.7000000011,0.68,0.43478260867217877,1
0,1868165.7000000011,0.681,0.142857142857143,1
0,1868172.6000000015,0.682,0.1449275362240596,1
0,1868179.5,0.683,0.14492753626318258,1
0,1868186.5,0.686,0.42857142857142894,1
0,1868193.5,0.687,0.142857142857143,1
0,1868200.4000000004,0.691,0.5797101448962223,1
0,1868207.4000000004,0.695,0.571428571428572,1
0,1868214.3000000007,0.698,0.43478260867217877,1
0,1868221.2000000011,0.704,0.8695652173443575,1
0,1868228.2000000011,0.711,1.0000000000000009,1
0,1868235.1000000015,0.717,0.8695652173443575,1
0,1868242.1000000015,0.723,0.8571428571428579,1
0,1868249.1000000015,0.73,1.0000000000000009,1
0,1868256,0.738,1.1594202901054607,1
0,1868263,0.744,0.8571428571428579,1
0,1868269.9000000004,0.752,1.1594202897924768,1
0,1868276.8000000007,0.761,1.3043478260165362,1
0,1868283.9000000004,0.771,1.4084507042992531,1
0,1868290.7000000011,0.781,1.4705882351329904,1
0,1868297.7000000011,0.792,1.5714285714285727,1
0,1868304.6000000015,0.802,1.4492753622405958,1
0,1868311.6000000015,0.814,1.7142857142857,1
0,1868318.4000000004,0.828,2.0588235297501365,1
0,1868326.4000000004,0.842,1.7500000000000016,1
0,1868332.9000000004,0.851,1.384615384615386,1
0,1868339.3000000007,0.864,2.0312499998817675,1
0,1868346.4000000004,0.874,1.4084507042992531,1
0,1868353.2000000011,0.883,1.3235294116196914,1
0,1868360.3000000007,0.89,0.9859154930094772,1
0,1868367.2000000011,0.895,0.7246376811202979,1
0,1868374.3000000007,0.9,0.7042253521496266,1
0,1868381.1000000015,0.904,0.5882352940531962,1
0,1868419.5,0.903,0.02604166666767724,-1
0,1868422.6000000015,0.901,0.6451612900124634,-1
0,1868429.7000000011,0.895,0.8450704225795519,-1
0,1868436.6000000015,0.884,1.5942028984646555,-1
0,1868443.5,0.868,2.3188405802109213,-1
0,1868450.4000000004,0.847,3.0434782607052515,-1
0,1868457.4000000004,0.821,3.7142857142857175,-1
0,1868464.3000000007,0.792,4.202898550497712,-1
0,1868471.3000000007,0.763,4.142857142857147,-1
0,1868478.3000000007,0.731,4.571428571428576,-1
0,1868485.2000000011,0.692,5.652173912738324,-1
0,1868492.2000000011,0.663,4.142857142857131,-1
0,1868499.1000000015,0.623,5.797101448962383,-1
0,1868506,0.584,5.652173914264121,-1
0,1868513.1000000015,0.544,5.633802815719001,-1
0,1868519.9000000004,0.505,5.735294118589666,-1
0,1868526.9000000004,0.466,5.5714285714285685,-1
0,1868533.9000000004,0.422,6.285714285714291,-1
0,1868540.8000000007,0.385,5.362318840290197,-1
0,1868547.7000000011,0.349,5.217391304066145,-1
0,1868554.7000000011,0.315,4.857142857142853,-1
0,1868561.6000000015,0.285,4.3478260867217875,-1
0,1868568.5,0.253,4.637681160421835,-1
0,1868576.5,0.229,2.999999999999999,-1
0,1868582.4000000004,0.208,3.559322033673571,-1
0,1868589.4000000004,0.188,2.857142857142856,-1
0,1868596.3000000007,0.17,2.6086956520330684,-1
0,1868603.2000000011,0.156,2.0289855071368343,-1
0,1868610.3000000007,0.145,1.5492957747291785,-1
0,1868617.3000000007,0.133,1.7142857142857117,-1
0,1868624.2000000011,0.123,1.4492753622405958,-1
0,1868631.3000000007,0.116,0.9859154930094752,-1
0,1868638.2000000011,0.108,1.1594202897924768,-1
0,1868645.2000000011,0.102,0.8571428571428579,-1
0,1868652.1000000015,0.096,0.8695652173443555,-1
0,1868659,0.091,0.7246376813159129,-1
0,1868666,0.088,0.42857142857142894,-1
0,1868672.9000000004,0.083,0.7246376811202959,-1
0,1868679.9000000004,0.079,0.571428571428572,-1
0,1868686.7000000011,0.076,0.4411764705398971,-1
0,1868693.8000000007,0.072,0.5633802817197012,-1
0,1868700.7000000011,0.068,0.5797101448962363,-1
0,1868707.5,0.064,0.5882352942143246,-1
0,1868714.6000000015,0.062,0.28169014078595084,-1
0,1868721.3000000007,0.058,0.5970149254395235,-1
0,1868728.6000000015,0.054,0.5479452054235278,-1
0,1868735.6000000015,0.053,0.142857142857143,-1
0,1868742.5,0.049,0.5797101450527293,-1
0,1868749.2000000011,0.048,0.1492537313183876,-1
0,1868756.1000000015,0.047,0.1449275362240596,-1
0,1868763.1000000015,0.044,0.42857142857142894,-1
0,1868769.9000000004,0.042,0.2941176471071613,-1
0,1868777,0.041,0.1408450704299253,-1
0,1868783.9000000004,0.038,0.43478260867217877,-1
0,1868790.8000000007,0.036,0.2898550724481192,-1
0,1868797.8000000007,0.032,0.571428571428571,-1
0,1868804.8000000007,0.03,0.285714285714286,-1
0,1868811.8000000007,0.027,0.42857142857142844,-1
0,1868818.7000000011,0.024,0.4347826086721783,-1
0,1868826.6000000015,0.021,0.3797468354251307,-1
0,1868833.7000000011,0.017,0.5633802817197008,-1
0,1868839.5,0.016,0.1724137931366704,-1
0,1868846.5,0.012,0.5714285714285714,-1
0,1868853.3000000007,0.01,0.2941176470265978,-1
0,1868860.2000000011,0.006,0.5797101448962378,-1
0,1868867.2000000011,0.004,0.2857142857142857,-1
0,1868874.2000000011,0.001,0.42857142857142855,-1
0,1868881.2000000011,0,0.14285714285714285,-1
0,1868943.5,0.001,0.01605136436625905,1
0,1868950.4000000004,0.009,1.1594202897924757,1
0,1868957.5,0.02,1.5492957747291773,1
0,1868964.3000000007,0.038,2.64705882323938,1
0,1868971.3000000007,0.057,2.714285714285715,1
0,1868978.3000000007,0.084,3.8571428571428577,1
0,1868985.2000000011,0.116,4.637681159169903,1
0,1868992.2000000011,0.154,5.428571428571427,1
0,1868999.2000000011,0.192,5.42857142857143,1
0,1869006.1000000015,0.228,5.217391304066141,1
0,1869013.1000000015,0.276,6.857142857142859,1
0,1869020,0.324,6.9565217406327555,1
0,1869027,0.374,7.1428571428571415,1
0,1869034,0.422,6.857142857142855,1
0,1869040.9000000004,0.47,6.956521738754852,1
0,1869047.7000000011,0.514,6.470588234585158,1
0,1869054.6000000015,0.553,5.652173912738324,1
0,1869061.6000000015,0.595,5.999999999999989,1
0,1869068.6000000015,0.631,5.142857142857148,1
0,1869076.5,0.663,4.050632912156448,1
0,1869082.5,0.687,4.0000000000000036,1
0,1869089.4000000004,0.706,2.7536231882571163,1
0,1869096.4000000004,0.723,2.4285714285714306,1
0,1869103.3000000007,0.735,1.739130434688715,1
0,1869110.3000000007,0.743,1.142857142857144,1
0,1869117.2000000011,0.744,0.1449275362240596,1
0,1869124.2000000011,0.745,0.142857142857143,1
0,1869158.7000000011,0.744,0.028985507246376836,-1
0,1869165.7000000011,0.74,0.571428571428572,-1
0,1869172.7000000011,0.73,1.4285714285714297,-1
0,1869179.6000000015,0.715,2.1739130433608937,-1
0,1869186.6000000015,0.696,2.7142857142857166,-1
0,1869193.7000000011,0.671,3.521126760748117,-1
0,1869200.6000000015,0.64,4.492753622945847,-1
0,1869207.5,0.608,4.637681160421843,-1
0,1869214.5,0.569,5.5714285714285765,-1
0,1869221.3000000007,0.531,5.588235293505347,-1
0,1869228.4000000004,0.504,3.8028169016079834,-1
0,1869235.2000000011,0.468,5.294117646478758,-1
0,1869242.2000000011,0.437,4.428571428571432,-1
0,1869249.2000000011,0.413,3.4285714285714315,-1
0,1869256.1000000015,0.392,3.0434782607052435,-1
0,1869263,0.378,2.028985507684556,-1
0,1869269.9000000004,0.368,1.4492753622405958,-1
0,1869277,0.365,0.42253521128977595,-1
0,1869284.1000000015,0.363,0.28169014078595084,-1
0,1869297.4000000004,0.365,0.15037593986226017,1
0,1869304.8000000007,0.371,0.810810810769994,1
0,1869311.7000000011,0.383,1.739130434688715,1
0,1869318.6000000015,0.403,2.8985507244811917,1
0,1869326.2000000011,0.431,3.6842105264963743,1
0,1869333.2000000011,0.472,5.857142857142854,1
0,1869339.4000000004,0.511,6.290322581401079,1
0,1869346.5,0.55,5.492957746767087,1
0,1869353.3000000007,0.601,7.499999999178235,1
0,1869360.3000000007,0.643,6.000000000000005,1
0,1869367.2000000011,0.682,5.652173912738324,1
0,1869374.1000000015,0.722,5.797101448962367,1
0,1869381.2000000011,0.761,5.492957746767087,1
0,1869388.1000000015,0.786,3.6231884056014896,1
0,1869395.1000000015,0.81,3.4285714285714315,1
0,1869401.9000000004,0.829,2.794117647518026,1
0,1869408.9000000004,0.84,1.5714285714285727,1
0,1869415.8000000007,0.846,0.8695652173443575,1
0,1869422.7000000011,0.847,0.1449275362240596,1
0,1869443.6000000015,0.846,0.04784688995130031,-1
0,1869450.6000000015,0.839,1.0000000000000009,-1
0,1869457.5,0.826,1.8840579714213734,-1
0,1869464.5,0.803,3.2857142857142727,-1
0,1869471.4000000004,0.771,4.637681159169907,-1
0,1869478.4000000004,0.731,5.714285714285719,-1
0,1869485.3000000007,0.682,7.101449274978903,-1
0,1869492.3000000007,0.64,6.000000000000005,-1
0,1869499.2000000011,0.587,7.681159419875158,-1
0,1869506.1000000015,0.538,7.101449274978903,-1
0,1869513.1000000015,0.484,7.714285714285721,-1
0,1869520.1000000015,0.43,7.714285714285713,-1
0,1869527.1000000015,0.383,6.714285714285712,-1
0,1869534,0.34,6.231884059316843,-1
0,1869540.9000000004,0.301,5.652173912738324,-1
0,1869547.9000000004,0.265,5.14285714285714,-1
0,1869554.7000000011,0.239,3.8235294113457754,-1
0,1869561.7000000011,0.212,3.8571428571428563,-1
0,1869568.6000000015,0.19,3.188405796929307,-1
0,1869576.5,0.172,2.2784810130880024,-1
0,1869582.7000000011,0.158,2.2580645157220003,-1
0,1869589.5,0.149,1.3235294119822305,-1
0,1869596.4000000004,0.14,1.3043478260165322,-1
0,1869603.4000000004,0.137,0.42857142857142894,-1
0,1869610.3000000007,0.134,0.43478260867217877,-1
0,1869702.6000000015,0.133,0.010834236186261417,-1
0,1869709.4000000004,0.132,0.14705882355358116,-1
0,1869715.6000000015,0.131,0.16129032255157177,-1
0,1869721.3000000007,0.129,0.3508771930283203,-1
0,1869728.3000000007,0.126,0.42857142857142894,-1
0,1869735.3000000007,0.123,0.42857142857142894,-1
0,1869742.3000000007,0.118,0.7142857142857149,-1
0,1869749.2000000011,0.113,0.7246376811202959,-1
0,1869756.1000000015,0.107,0.8695652173443575,-1
0,1869763.3000000007,0.101,0.8333333334195657,-1
0,1869770,0.094,1.044776119519168,-1
0,1869777,0.084,1.428571428571428,-1
0,1869784,0.074,1.4285714285714297,-1
0,1869790.8000000007,0.064,1.4705882351329884,-1
0,1869797.9000000004,0.053,1.5492957747291776,-1
0,1869804.8000000007,0.043,1.449275362240595,-1
0,1869811.8000000007,0.032,1.5714285714285707,-1
0,1869818.6000000015,0.021,1.6176470586462879,-1
0,1869826,0.011,1.3513513516234692,-1
0,1869833.3000000007,0.004,0.9589041094911727,-1
0,1869839.6000000015,0,0.6349206348455473,-1
0,1869971.4000000004,0.01,0.07587253414328371,1
0,1869978.4000000004,0.026,2.2857142857142856,1
0,1869985.4000000004,0.041,2.1428571428571432,1
0,1869992.2000000011,0.058,2.499999999726082,1
0,1869999.2000000011,0.074,2.2857142857142847,1
0,1870006.1000000015,0.096,3.188405796929309,1
0,1870013.1000000015,0.117,3.0000000000000004,1
0,1870020,0.139,3.188405797790015,1
0,1870027.1000000015,0.164,3.5211267598243814,1
0,1870034.1000000015,0.187,3.2857142857142847,1
0,1870040.8000000007,0.214,4.029850746716787,1
0,1870047.9000000004,0.239,3.521126760748129,1
0,1870054.8000000007,0.267,4.057971014273669,1
0,1870061.8000000007,0.296,4.142857142857139,1
0,1870068.6000000015,0.321,3.676470587832476,1
0,1870075.6000000015,0.35,4.142857142857139,1
0,1870083.4000000004,0.382,4.1025641031519235,1
0,1870089.5,0.402,3.278688524790397,1
0,1870096.6000000015,0.43,3.9436619710033036,1
0,1870103.4000000004,0.452,3.235294118178786,1
0,1870110.4000000004,0.469,2.4285714285714226,1
0,1870117.4000000004,0.485,2.285714285714288,1
0,1870124.3000000007,0.5,2.1739130433608937,1
0,1870131.3000000007,0.514,2.0000000000000018,1
0,1870138.2000000011,0.525,1.5942028984646555,1
0,1870145.1000000015,0.536,1.5942028984646555,1
0,1870152.1000000015,0.544,1.142857142857144,1
0,1870159,0.555,1.5942028988950083,1
0,1870165.9000000004,0.563,1.1594202897924606,1
0,1870172.9000000004,0.571,1.142857142857144,1
0,1870179.9000000004,0.579,1.142857142857144,1
0,1870186.8000000007,0.585,0.8695652173443575,1
0,1870193.7000000011,0.592,1.0144927535684172,1
0,1870200.6000000015,0.598,0.8695652173443575,1
0,1870207.6000000015,0.603,0.7142857142857149,1
0,1870214.5,0.608,0.7246376813159129,1
0,1870221.5,0.612,0.571428571428572,1
0,1870228.5,0.615,0.42857142857142894,1
0,1870235.3000000007,0.619,0.5882352940531962,1
0,1870242.3000000007,0.622,0.42857142857142894,1
0,1870249.3000000007,0.624,0.285714285714286,1
0,1870256.2000000011,0.626,0.2898550724481192,1
0,1870263.2000000011,0.627,0.142857142857143,1
0,1870270.1000000015,0.628,0.1449275362240596,1
